Keywords,Generated Joke,Human Rating,Gan's Rating,Yimin's Rating,GPT Rating,Explanation
USSR,Q: What's the abbreviation for a series of dreadful shortages hidden behind magnificent propaganda? A: USSR.,2,1,2,2,"This joke employs wordplay, using the abbreviation of the Soviet Union (USSR) to describe the reality of life under the system, contrasting implied abundance in propaganda with actual scarcity. It's a clever comment on Soviet-era problems"
USSR,"Q: What is the shortest horror story in the USSR? A: ""Comrade, we need to have a talk at the Party office.""",2,2,1,3,"This joke plays on the fear and paranoia of being summoned by the Communist Party for questioning or punishment, a reality that could have dire consequences during the Soviet era. The brevity of the ""horror story"" effectively conveys the terror such a statement could invoke in a citizen of the USSR"
USSR,"Q: Why is it impossible to play hide and seek in the USSR? A: Because good luck hiding when the government has already made everything disappear, including the concept of privacy.",2,2,2,2,"This joke has a dark humor element by highlighting the invasive nature of the government in the Soviet Union, which might be amusing to some due to its exaggeration and the twist on a children's game"
USSR,Q: What do you call a country that simultaneously perfects the art of queueing and the recipe for invisible bread? A: The USSR.,2,2,2,2,"This joke uses irony by highlighting the notorious scarcity of goods in the USSR and the resulting long lines for basic commodities like bread. The idea of perfecting ""invisible bread"" is a clever way to mention that often there was nothing to obtain after such long waits"
USSR,"Q: How does the USSR prove it's the most forward-thinking country?
A: By having its Christmas lights up all year because nobody has a ladder to take them down, and if you did, it would be considered hoarding state property!",3,3,3,2,"The joke plays on the shortages and bureaucracy that were common in the Soviet Union, combining the quirkiness of leaving decorations up all year with a jab at the state's control over resources"
Stalin,Q: What's Stalin's idea of a balanced diet? A: When every Soviet citizen has a ration card in both hands.,3,3,3,3,"The joke plays on the historical context of rationing in the Soviet Union, highlighting the disparity and shortages in food supply with a sarcastic notion of ""balance"". The humor comes from the irony of considering a balanced diet not as a variety of food but merely having equal access to limited resources"
Stalin,Q: Why did Stalin write only in lowercase letters? A: Because he was afraid of capital-ism.,2,2,1,2,"This joke plays on the word ""capitalism"" and its double meaning with ""capital"" as a term for uppercase letters, while making a light jab at Stalin's well-known opposition to capitalist ideology. It's a simple pun but can be amusing for its wordplay and historical context."
Stalin,Q: Why did Stalin only write in lowercase letters? A: Because he was afraid of capitalization.,2,2,1,2,"This joke is clever as it plays on words, using ""capitalization"" in a literal sense while also referencing Stalin's aversion to capitalism and the capitalist class. The joke hinges on a simple but effective pun"
Stalin,"Q: What is the safest job in the USSR during Stalin's reign?
A: Grave digger ?€? the job security is as solid as the Siberian permafrost, and there's always an opening.",3,3,2,2,"This joke incorporates dark humor, emphasizing the high mortality and the political repressions during Stalin's era, and uses a play on words with ""always an opening."" However, the subject matter might be considered insensitive"
Stalin,Q: Why wasn't there a proper road map during Stalin's time? A: Because the only direction you needed to know was the way to Siberia.,3,3,3,2,"This joke plays on the grim historical reality that during Stalin's era, many people were exiled or sent to labor camps in Siberia, often for arbitrary reasons. The humor comes from the dark irony that one wouldn't need a map because the direction to Siberia was all too familiar."
KGB,"Q: Why does the KGB operate in groups of three? A: One can read, one can write, and the other keeps an eye on the two dangerous intellectuals.",3,3,2,3,"This joke is quite humorous as it pokes fun at the stereotype of bureaucracy and intelligence agencies in the Soviet era, suggesting overzealous control and a lack of trust within the system, as well as a sly dig at the perceived intelligence of officers"
KGB,"Q: Why doesn't the KGB ever need to knock before entering your home? A: Because by the time you hear them knocking, they're already behind you.",3,3,3,2,"This joke leverages the reputation of the KGB for being pervasive and fearsome by playing on the idea that they are so stealthy and all-present, knocking is merely a formality. It exemplifies the tension and fear that was associated with the security agency in a darkly humorous way"
KGB,"Q: Why does the KGB work in groups of three? A: One can read, one can write, and the third one to keep an eye on those two dangerous intellectuals.",3,3,2,3,This joke is quite funny as it mocks the intelligence of the KGB by suggesting they need to be supervised when performing basic tasks and also plays on the theme of state surveillance over intellectuals
KGB,"Q: Why do KGB officers always work in teams of three? A: One can read, one can write, and the third keeps an eye on the two dangerous intellectuals.",3,3,2,3,"This joke highlights the stereotype of limited intelligence within the secret police, while also poking fun at the authoritarian nature of surveillance within the regime. It is clever and delivers a punchline that exploits the irony of the situation"
KGB,"Q: Why did the KGB never bother to fix the leaking roof at their headquarters? A: Every time there's a leak, they just interrogate the room until it confesses.",3,3,2,3,This joke has a clever twist and makes light of the notorious reputation of the KGB for interrogation and intimidation. It playfully personifies the room as if it could be subjected to the same coercive tactics used on people
Gulag,"Q: What does Gulag stand for? A: Glorious Union resort where lazy citizens are Automatically Granted useful employment and free winter accommodations, indefinitely.",2,2,1,2,"This joke contains dark humor by presenting labor camp hardship (Gulag) as a holiday resort, mocking how repressive systems dress up grave injustices in benevolent terms"
Gulag,Q: Why did the Gulag management start offering vacation packages to Siberia? A: Because even the travel agencies couldn't compete with their unbelievably long trips.,3,2,3,2,"The joke combines the dark history of the Gulag forced labor camps with the unexpected context of leisure travel, creating a satirical contrast that highlights the extreme and involuntary nature of the ""trips"" to Siberia. It's a wry comment on the harshness of the Gulag system juxtaposed with the mundanity of vacation planning"
Gulag,"Q: Why is the Gulag the perfect place to learn a new profession? A: Because when you go in, no matter what you did before, you invariably come out as a miner.",3,3,2,2,"This joke plays on the dark history of the Gulag labor camps, where prisoners were often made to work in harsh conditions, frequently in mining. It's a dark humor approach that juxtaposes the concept of 'learning a profession' with the brutal reality of forced labor. It?€?s somewhat funny for its surprising twist but can be quite grim considering the historical context"
Gulag,Q: Why is it said that every Soviet citizen has a home away from home? A: Because the Gulag is always ready to welcome you with open barbed wire.,3,3,2,2,"This joke is rather dark as it plays on the grim reality of the Gulag labor camps during the Soviet era, however, it does have a level of irony and unexpected twist that might elicit a reaction"
Gulag,Q: Why was the new casual restaurant in the Gulag such a hit? A: Because you could get a table for 10 years without a reservation.,3,3,3,3,"This joke is very funny because it combines the grim reality of long Gulag sentences with the lighter topic of restaurant reservations, creating a darkly humorous contrast"
bread,Q: Why is the Soviet bread always stored so high up on the shelves? A: So that every citizen can feel like they are reaching new heights in food acquisition.,2,3,1,2,"This joke lightly mocks the difficulty and scarcity associated with obtaining basic food supplies in Soviet times, symbolizing the struggle through the physical act of reaching up as if achieving something great simply by getting bread ?€? a basic necessity. It satirizes the disparity between the propaganda of progress and the reality of everyday life"
bread,"Q: Why is it easier to buy a book called ""The Problems of Peace and Socialism"" than a loaf of bread in the USSR? A: Bread requires a long queue, but the book puts everyone to sleep, so there's never a line.",3,2,3,2,This joke pokes fun at the scarcity of basic necessities in the USSR compared to the abundance of propaganda literature. It's humorous because it highlights the absurdity of ideological priorities over practical needs
bread,Q: Why is it easier to buy a book of Lenin?€?s works than a loaf of bread in the USSR? A: Because a single loaf of bread makes more crumbs than all of Lenin?€?s works combined.,2,2,2,3,"This joke cleverly plays on the idea of literal ""bread crumbs"" versus ""crumbs"" of wisdom or value from Lenin's works, criticizing the practical utility of communist propaganda versus basic necessities. It highlights the absurdity of prioritizing ideology over everyday needs"
bread,Q: Why does Soviet bread have a very long shelf life? A: Because even the mold recognizes it as a means of production and refuses to capitalize on it.,3,3,2,3,"This joke is clever as it fuses the characteristics of Soviet bread with the Marxist terminology of ""means of production"" and the idea that mold, adhering to communist principles, would not ""capitalize"" on it. It integrates humor with a subtle critique of the economic system"
bread,Q: Why is it getting increasingly difficult to buy bread in the USSR? A: Because the Party keeps telling us the future is bright and we naturally assume it's already toast.,3,2,3,2,"This joke cleverly plays with the concept of a ""bright future"" promised by the Party, ironically contrasting it with the difficulty of obtaining basic goods like bread in the USSR. The pun on ""toast"" adds a humorous twist to the critique"
"Khrushchev, corn","Q: Why did Khrushchev plant corn everywhere, even in places unsuitable for its cultivation? A: Because he couldn't make the sun shine on command, but he could make the whole country play in his ma??ze.",3,3,2,2,"This joke makes light of Khrushchev's infamous agricultural campaign known as the ""Corn Campaign"" or ""Khrushchev's Corn"" where he ordered the planting of corn throughout the Soviet Union, regardless of its suitability for the crop. The humor is derived from his autocratic tendency to make grandiose decisions with little regard for practicality, likened to an unrealistic expectation of making the sun shine on command. The wordplay with ""ma??ze"" (maze) adds a layer to the joke, implying he had everyone lost and confused in his agricultural policy"
"Khrushchev, corn","Q: Why did Khrushchev plant corn on every available patch of land, even where it wouldn't grow? A: Because he wanted to see which would be higher, the yields or the party officials' enthusiasm for his idea.",2,3,1,2,"This joke uses irony to poke fun at the blind obedience and sycophantic behavior of party officials during Khrushchev's time, who would often endorse unwise policies to appear loyal. The absurdity of trying to cultivate corn in unsuitable conditions is subtly mocked. It is a clever critique but may not elicit immediate laughter from all audiences due to its nuanced nature"
"Khrushchev, corn",Q: Why did Khrushchev plant corn in places where it would never grow? A: Because the only way to ensure a bumper crop in the USSR is to plant something that doesn't need to be harvested.,3,3,2,3,This joke is clever as it satirizes the inefficiency of Soviet agricultural policies and Khrushchev's infamous corn campaign ?€? highlighting the absurdity of directives that ignore practicality
"Khrushchev, corn",Q: Why did Khrushchev advocate for planting corn even in places where it wouldn't grow? A: Because the only thing thriving under his leadership was the jokes.,3,3,3,2,This joke has a historical context which might not be readily apparent to everyone but delivers an ironic twist on Khrushchev's leadership and policies - implying that his endeavors were so fruitless that only humor prospered
"Khrushchev, corn","Q: Why did Khrushchev plant corn everywhere, even where it couldn't grow? A: He thought it was the best way to leave the West behind, one cob at a time.",2,2,1,2,"This joke plays on Khrushchev's infamous agricultural policy regarding corn, implying an absurd method to compete with the West, which has a clever twist"
